fecha,hora,id,text
09/10/2021,00:09,1446628922184056836,"El liberalismo debiese tomar como sÃ­mbolo principal el uso de #Bitcoin. Es el Ãºnico activo libre de control gubernamental, no descentralizado y capaz de proteger el patrimonio de todo tipo de expropiaciÃ³n. Es la mÃ¡xima expresiÃ³n de libertad"
09/10/2021,00:11,1446629391530958854,"A famÃ­lia pede pizza, nove da noite e eu fico feliz porque eu tÃ´ morreeeendo de fome e a pizza chegou, sÃ³ pra descobrir que Ã© PRÃ‰ ASSADA O CRENTE NAO TEM UM MINUTO DE PAZ"
09/10/2021,00:11,1446629394466885638,@onlyfans_hunk Hey you have the best body the my eyes have sern ğŸ˜ğŸ˜ğŸ˜ keep eating pizza and hamburger ğŸ˜‚
09/10/2021,00:11,1446629395511271426,@RonThePharaoh Pizza with any ingredient is indeed life.
09/10/2021,00:11,1446629395372838916,@rahshunel Depends how you like it.
09/10/2021,00:11,1446629396689866752,"@russian_101 Iâ€™ve tried quite a few of those brands, but their products definitely feel like they arenâ€™t marketed towards meat eaters. Impossible seems to be very good at imitating the meat eating experience to the point where I genuinely canâ€™t tell the difference, which I definitely like."
09/10/2021,00:11,1446629397239197696,"RT @Pizza_Hut_Japan: #ãƒ”ã‚¶ãƒãƒƒãƒˆ
ã‚¹ãƒ¼ãƒ‘ãƒ¼ã‚«ã‚ºãƒ¬ãƒ¼ã‚¶ãƒ¼4ç™ºå£²è¨˜å¿µ
ãƒ•ã‚©ãƒ­ãƒ¼&amp;RTã‚­ãƒ£ãƒ³ãƒšãƒ¼ãƒ³âœ¨

1ç­‰ï¼š20åæ§˜ Mã‚µã‚¤ã‚ºç„¡æ–™
2ç­‰ï¼šLã‚µã‚¤ã‚ºåŠé¡
ã‚¯ãƒ¼ãƒãƒ³ãŒå½“ãŸã‚‹ãƒãƒ£ãƒ³ã‚¹ğŸ

10/10ã¾ã§æ¯æ—¥å®Ÿæ–½ğŸ•
â‘ @Pizza_Hut_Japan ã‚’ãƒ•ã‚©ãƒ­ãƒ¼
â‘¡ã“â€¦"
09/10/2021,00:11,1446629402637479940,A Big Dog he isğŸ˜‚ğŸ˜‚ğŸ˜‚big dog is going down in the books https://t.co/kFyzYO85pe
09/10/2021,00:11,1446629402838765572,RT @RekayaGibson: My latest product reviews: this Urban Farmer chicken sausage pizza with a sweet potato crust was amazing! Find out what eâ€¦
09/10/2021,00:11,1446629402784174087,Eu que fiz isso. Nem parece mais :( https://t.co/74sc9Ows1o
09/10/2021,00:11,1446629402452926464,Did I eat 4 slices of pizza just to feel something? Maybe. I have many regrets
09/10/2021,00:11,1446629402087931905,RT @velene_: oi gnt hj vou ensinar vcs como fzr pizza com a receita (MUITO BOA) da minha mÃ£e ! https://t.co/dfZfAq67ng
09/10/2021,00:11,1446629402209447939,"ollie shot series
OH,range ê·¸ë¦½í†¡

https://t.co/njuCJZ5siy

#ë¹„ì¥¬ë´‰ë´‰í´ëŸ½ #ë§ˆí”Œìƒµ https://t.co/3ajNUjcYGA"
09/10/2021,00:11,1446629407423094785,"Eu tÃ´ tÃ£o cansada que atÃ© pra comer to com preguiÃ§a, comprei pizza e comi meio pedaÃ§o"
09/10/2021,00:11,1446629407049740290,"RT @Pizza_Hut_Japan: #ãƒ”ã‚¶ãƒãƒƒãƒˆ
ã‚¹ãƒ¼ãƒ‘ãƒ¼ã‚«ã‚ºãƒ¬ãƒ¼ã‚¶ãƒ¼4ç™ºå£²è¨˜å¿µ
ãƒ•ã‚©ãƒ­ãƒ¼&amp;RTã‚­ãƒ£ãƒ³ãƒšãƒ¼ãƒ³âœ¨

1ç­‰ï¼š20åæ§˜ Mã‚µã‚¤ã‚ºç„¡æ–™
2ç­‰ï¼šLã‚µã‚¤ã‚ºåŠé¡
ã‚¯ãƒ¼ãƒãƒ³ãŒå½“ãŸã‚‹ãƒãƒ£ãƒ³ã‚¹ğŸ

10/10ã¾ã§æ¯æ—¥å®Ÿæ–½ğŸ•
â‘ @Pizza_Hut_Japan ã‚’ãƒ•ã‚©ãƒ­ãƒ¼
â‘¡ã“â€¦"
09/10/2021,00:11,1446629412967956483,@WheelSpinnerO No! Sacrilege! ğŸ˜‚
09/10/2021,00:11,1446629415169912833,"RT @Pizza_Hut_Japan: #ãƒ”ã‚¶ãƒãƒƒãƒˆ
ã‚¹ãƒ¼ãƒ‘ãƒ¼ã‚«ã‚ºãƒ¬ãƒ¼ã‚¶ãƒ¼4ç™ºå£²è¨˜å¿µ
ãƒ•ã‚©ãƒ­ãƒ¼&amp;RTã‚­ãƒ£ãƒ³ãƒšãƒ¼ãƒ³âœ¨

1ç­‰ï¼š20åæ§˜ Mã‚µã‚¤ã‚ºç„¡æ–™
2ç­‰ï¼šLã‚µã‚¤ã‚ºåŠé¡
ã‚¯ãƒ¼ãƒãƒ³ãŒå½“ãŸã‚‹ãƒãƒ£ãƒ³ã‚¹ğŸ

10/10ã¾ã§æ¯æ—¥å®Ÿæ–½ğŸ•
â‘ @Pizza_Hut_Japan ã‚’ãƒ•ã‚©ãƒ­ãƒ¼
â‘¡ã“â€¦"
09/10/2021,00:11,1446629415555796993,"RT @Pizza_Hut_Japan: #ãƒ”ã‚¶ãƒãƒƒãƒˆ
ã‚¹ãƒ¼ãƒ‘ãƒ¼ã‚«ã‚ºãƒ¬ãƒ¼ã‚¶ãƒ¼4ç™ºå£²è¨˜å¿µ
ãƒ•ã‚©ãƒ­ãƒ¼&amp;RTã‚­ãƒ£ãƒ³ãƒšãƒ¼ãƒ³âœ¨

1ç­‰ï¼š20åæ§˜ Mã‚µã‚¤ã‚ºç„¡æ–™
2ç­‰ï¼šLã‚µã‚¤ã‚ºåŠé¡
ã‚¯ãƒ¼ãƒãƒ³ãŒå½“ãŸã‚‹ãƒãƒ£ãƒ³ã‚¹ğŸ

10/10ã¾ã§æ¯æ—¥å®Ÿæ–½ğŸ•
â‘ @Pizza_Hut_Japan ã‚’ãƒ•ã‚©ãƒ­ãƒ¼
â‘¡ã“â€¦"
09/10/2021,00:11,1446629414788386818,@ExplainingInnit She said no (she has also never had pineapples on pizza)
09/10/2021,00:11,1446629413886390272,@kakiwilikitiwik enake mam pizza
09/10/2021,00:11,1446629413861437447,@Lyndon_Me7 Bad things but I enjoy candy corn so Iâ€™m willing to eat it compared to a raw pizza
09/10/2021,00:11,1446629416163954688,"@facuxalegre Me interesa esa propuesta, contactame vÃ­a WhatsApp"
09/10/2021,00:11,1446629417745272832,@O_Yoshikage2 @RKS7Fuyuki se fodeu
09/10/2021,00:11,1446629424686796803,"RT @Pizza_Hut_Japan: #ãƒ”ã‚¶ãƒãƒƒãƒˆ
ã‚¹ãƒ¼ãƒ‘ãƒ¼ã‚«ã‚ºãƒ¬ãƒ¼ã‚¶ãƒ¼4ç™ºå£²è¨˜å¿µ
ãƒ•ã‚©ãƒ­ãƒ¼&amp;RTã‚­ãƒ£ãƒ³ãƒšãƒ¼ãƒ³âœ¨

1ç­‰ï¼š20åæ§˜ Mã‚µã‚¤ã‚ºç„¡æ–™
2ç­‰ï¼šLã‚µã‚¤ã‚ºåŠé¡
ã‚¯ãƒ¼ãƒãƒ³ãŒå½“ãŸã‚‹ãƒãƒ£ãƒ³ã‚¹ğŸ

10/10ã¾ã§æ¯æ—¥å®Ÿæ–½ğŸ•
â‘ @Pizza_Hut_Japan ã‚’ãƒ•ã‚©ãƒ­ãƒ¼
â‘¡ã“â€¦"
09/10/2021,00:11,1446629423038574596,"A few days early...I have the best admin staff!  From the decorations,  my favorite food, pizza + fries, my delicious cake,  my wonderful gift card to pamper myself, + of course to the great company + many laughs ğŸ˜ƒTY for making the end of 52 + the beginning of 53 wonderful!ğŸ’› https://t.co/1Gx7sX4dnz"
09/10/2021,00:12,1446629562771820545,@IuilOCofaigh Genial !!! Cuando estÃ©n te envÃ­o tu porciÃ³n ğŸŸ por la ğŸ•ğŸ• https://t.co/TLgscicWLn
09/10/2021,00:12,1446629567964188673,Y clavarme una peli romÃ¡ntica obvio
09/10/2021,00:12,1446629568484454400,@JinSakai995 Eso que es https://t.co/rYksnDCz5F
09/10/2021,00:12,1446629575375536130,"RT @Pizza_Hut_Japan: #ãƒ”ã‚¶ãƒãƒƒãƒˆ
ã‚¹ãƒ¼ãƒ‘ãƒ¼ã‚«ã‚ºãƒ¬ãƒ¼ã‚¶ãƒ¼4ç™ºå£²è¨˜å¿µ
ãƒ•ã‚©ãƒ­ãƒ¼&amp;RTã‚­ãƒ£ãƒ³ãƒšãƒ¼ãƒ³âœ¨

1ç­‰ï¼š20åæ§˜ Mã‚µã‚¤ã‚ºç„¡æ–™
2ç­‰ï¼šLã‚µã‚¤ã‚ºåŠé¡
ã‚¯ãƒ¼ãƒãƒ³ãŒå½“ãŸã‚‹ãƒãƒ£ãƒ³ã‚¹ğŸ

10/10ã¾ã§æ¯æ—¥å®Ÿæ–½ğŸ•
â‘ @Pizza_Hut_Japan ã‚’ãƒ•ã‚©ãƒ­ãƒ¼
â‘¡ã“â€¦"
09/10/2021,00:12,1446629575832780802,@Dominos_ROI If there's pizza involved thats fine
09/10/2021,00:12,1446629576080171011,"RT @Pizza_Hut_Japan: #ãƒ”ã‚¶ãƒãƒƒãƒˆ
ã‚¹ãƒ¼ãƒ‘ãƒ¼ã‚«ã‚ºãƒ¬ãƒ¼ã‚¶ãƒ¼4ç™ºå£²è¨˜å¿µ
ãƒ•ã‚©ãƒ­ãƒ¼&amp;RTã‚­ãƒ£ãƒ³ãƒšãƒ¼ãƒ³âœ¨

1ç­‰ï¼š20åæ§˜ Mã‚µã‚¤ã‚ºç„¡æ–™
2ç­‰ï¼šLã‚µã‚¤ã‚ºåŠé¡
ã‚¯ãƒ¼ãƒãƒ³ãŒå½“ãŸã‚‹ãƒãƒ£ãƒ³ã‚¹ğŸ

10/10ã¾ã§æ¯æ—¥å®Ÿæ–½ğŸ•
â‘ @Pizza_Hut_Japan ã‚’ãƒ•ã‚©ãƒ­ãƒ¼
â‘¡ã“â€¦"
09/10/2021,00:12,1446629580333277188,"Ruim de boca minha famÃ­lia nÃ£o Ã©,meio metro de pizza foi ğŸ¤£ğŸ¤£ğŸ¤£"
09/10/2021,00:12,1446629576520593409,"RT @Pizza_Hut_Japan: #ãƒ”ã‚¶ãƒãƒƒãƒˆ
ã‚¹ãƒ¼ãƒ‘ãƒ¼ã‚«ã‚ºãƒ¬ãƒ¼ã‚¶ãƒ¼4ç™ºå£²è¨˜å¿µ
ãƒ•ã‚©ãƒ­ãƒ¼&amp;RTã‚­ãƒ£ãƒ³ãƒšãƒ¼ãƒ³âœ¨

1ç­‰ï¼š20åæ§˜ Mã‚µã‚¤ã‚ºç„¡æ–™
2ç­‰ï¼šLã‚µã‚¤ã‚ºåŠé¡
ã‚¯ãƒ¼ãƒãƒ³ãŒå½“ãŸã‚‹ãƒãƒ£ãƒ³ã‚¹ğŸ

10/10ã¾ã§æ¯æ—¥å®Ÿæ–½ğŸ•
â‘ @Pizza_Hut_Japan ã‚’ãƒ•ã‚©ãƒ­ãƒ¼
â‘¡ã“â€¦"
09/10/2021,00:12,1446629576658931713,@GermanRubio94 Esa si juega
09/10/2021,00:12,1446629583348961280,"@DoraAmacoera @xaropecomx azeitona no geral Ã© uma bosta, se fude"
09/10/2021,00:12,1446629583512559617,@cheeksv https://t.co/CBJfezqTzm
09/10/2021,00:12,1446629582648524803,"@YessieTijerino keep them going, despedaza mÃ¡s el periodismo de La NaciÃ³n, donâ€™t be shy"
09/10/2021,00:12,1446629587077697537,RT @thinkpaper: Pizza boxes are recycled at paper mills across the country. We encourage local communities to update their guidance. https:â€¦
09/10/2021,00:12,1446629588893765632,Hoy le dije que no a una hamburguesa de mc espero tener la cintura de sol perez despuÃ©s de ese â€œnoâ€ jajajajajajjajaja
09/10/2021,00:12,1446629585647554562,eu to quase pedindo minha mÃ£e pra amarrar meus dedos pra eu n pedir uma pizza
09/10/2021,00:12,1446629585316089862,"RT @mightyonii: Mercy: can't speak my mic sounds like an oven
Puni: idk what this is
Me: you're Italian where do u put the pizza
Puni: in tâ€¦"
09/10/2021,00:12,1446629590982701057,@Sketch1984 Never had popeyes before heard they are decent
09/10/2021,00:12,1446629589460074496,"RT @sgolondrinoc: ComprÃ© un vinito para tomarlo con mi amorcito, echaditos y con una buena pizza"
09/10/2021,00:12,1446629592350052357,comendo pizza de xixi e coco
09/10/2021,00:12,1446629596821172227,Que ganas de pizza Vesuvio. ğŸ¥º
09/10/2021,00:12,1446629595789287424,o plano pra hj Ã© encher a cara e comer pizza foda se
09/10/2021,00:12,1446629596192034828,"october 8: one almond dark chocolate biscotti, 170; two cherry tomatoes, 4; c+s'ed two cherry tomatoes, + 2; one apple cider vinegar gummy, 15; one stick of spearmint gum, 5; one slice garden pizza, 260 rounded to 300 

total 496 cals 
suffered from sugar cravings today smh https://t.co/G3WLV7KKwP"
09/10/2021,00:12,1446629594858078211,"RT @K1NGM0NKEY: ğŸãƒ—ãƒ¬ã‚¼ãƒ³ãƒˆä¼ç”»ğŸ

ä»Šå›ã¯å±±æ¢¨çœŒç”²åºœå¸‚å²¡å³¶ç™¾è²¨åº—åŒ—æµ·é“ç‰©ç”£å±•ã‹ã‚‰è©°åˆã›ãƒœãƒƒã‚¯ã‚¹ğŸ“¦ã‚’1åã«ãƒ—ãƒ¬ã‚¼ãƒ³ãƒˆğŸ¦€

ãƒ»RTã‹ã‚‰æŠ½é¸ã§1åã«ãƒ—ãƒ¬ã‚¼ãƒ³ãƒˆğŸ

å½“é¸ã¯DMã§é€£çµ¡ã—ã¾ã™ã€‚

HOKKAIDO PIZZA giocoso
https://t.co/5â€¦"
09/10/2021,00:12,1446629597601280000,"https://t.co/3famHq8FpA

""THE PIZZA'S ON FIREEE!""

Send help, ya'll-

I'm dying-"
09/10/2021,00:12,1446629597303296002,@primexpat Can I join?
09/10/2021,00:12,1446629598553378820,"RT @Doroo93: Salsa ranch para alitas, las papas, en la hamburguesa, la pizza, ensaladas, arroz, etc. La ranch es vida."
09/10/2021,00:12,1446629600381997056,@KissMyyAshley Mystic pizza
09/10/2021,00:12,1446629600126177280,"@centralfaslara Pizza

OUÃ‡A AMIGA"
